team,league,country,url
Arsenal,Premier League,England,https://ng.soccerway.com//teams/england/arsenal-fc/660/
Manchester City,Premier League,England,https://ng.soccerway.com//teams/england/manchester-city-football-club/676/
Newcastle United,Premier League,England,https://ng.soccerway.com//teams/england/newcastle-united-football-club/664/
Manchester United,Premier League,England,https://ng.soccerway.com//teams/england/manchester-united-fc/662/
Tottenham Hotspur,Premier League,England,https://ng.soccerway.com//teams/england/tottenham-hotspur-football-club/675/
Brighton & Hov…,Premier League,England,https://ng.soccerway.com//teams/england/brighton--hove-albion-fc/703/
Fulham,Premier League,England,https://ng.soccerway.com//teams/england/fulham-football-club/667/
Liverpool,Premier League,England,https://ng.soccerway.com//teams/england/liverpool-fc/663/
Brentford,Premier League,England,https://ng.soccerway.com//teams/england/brentford-fc/722/
Chelsea,Premier League,England,https://ng.soccerway.com//teams/england/chelsea-football-club/661/
Aston Villa,Premier League,England,https://ng.soccerway.com//teams/england/aston-villa-football-club/665/
Crystal Palace,Premier League,England,https://ng.soccerway.com//teams/england/crystal-palace-fc/679/
Nottingham Forest,Premier League,England,https://ng.soccerway.com//teams/england/nottingham-forest-fc/694/
Leicester City,Premier League,England,https://ng.soccerway.com//teams/england/leicester-city-fc/682/
West Ham United,Premier League,England,https://ng.soccerway.com//teams/england/west-ham-united-fc/684/
Leeds United,Premier League,England,https://ng.soccerway.com//teams/england/leeds-united-afc/681/
Wolverhampton …,Premier League,England,https://ng.soccerway.com//teams/england/wolverhampton-wanderers-fc/680/
AFC Bournemouth,Premier League,England,https://ng.soccerway.com//teams/england/afc-bournemouth/711/
Everton,Premier League,England,https://ng.soccerway.com//teams/england/everton-football-club/674/
Southampton,Premier League,England,https://ng.soccerway.com//teams/england/southampton-fc/670/
PSG,Ligue 1,France,https://ng.soccerway.com//teams/france/paris-saint-germain-fc/886/
Lens,Ligue 1,France,https://ng.soccerway.com//teams/france/racing-club-de-lens/892/
Marseille,Ligue 1,France,https://ng.soccerway.com//teams/france/olympique-de-marseille/890/
Monaco,Ligue 1,France,https://ng.soccerway.com//teams/monaco/association-sportive-monaco-fc/885/
Rennes,Ligue 1,France,https://ng.soccerway.com//teams/france/stade-rennais-fc/893/
Lille,Ligue 1,France,https://ng.soccerway.com//teams/france/lille-olympique-sporting-club-metropole/895/
Lorient,Ligue 1,France,https://ng.soccerway.com//teams/france/football-cub-lorient-bretagne-sud/907/
Clermont,Ligue 1,France,https://ng.soccerway.com//teams/france/clermont-foot-auvergne/916/
Lyon,Ligue 1,France,https://ng.soccerway.com//teams/france/olympique-lyonnais/884/
Nice,Ligue 1,France,https://ng.soccerway.com//teams/france/olympique-gymnaste-club-de-nice-cote-dazur/894/
Reims,Ligue 1,France,https://ng.soccerway.com//teams/france/stade-de-reims/921/
Toulouse,Ligue 1,France,https://ng.soccerway.com//teams/france/toulouse-fc/899/
Nantes,Ligue 1,France,https://ng.soccerway.com//teams/france/fc-nantes/889/
Troyes,Ligue 1,France,https://ng.soccerway.com//teams/france/esperance-sportive-troyes-aube-champagne/914/
Montpellier,Ligue 1,France,https://ng.soccerway.com//teams/france/montpellier-herault-sport-club/906/
Strasbourg,Ligue 1,France,https://ng.soccerway.com//teams/france/racing-club-de-strasbourg/898/
Brest,Ligue 1,France,https://ng.soccerway.com//teams/france/stade-brestois-29/922/
Ajaccio,Ligue 1,France,https://ng.soccerway.com//teams/france/athletic-club-ajaccien/900/
Auxerre,Ligue 1,France,https://ng.soccerway.com//teams/france/association-de-la-jeunesse-auxerroise/888/
Angers,Ligue 1,France,https://ng.soccerway.com//teams/france/angers-sporting-club-de-louest/918/
Bayern Munich,Bundesliga,Germany,https://ng.soccerway.com//teams/germany/fc-bayern-munchen/961/
Eintracht Fran…,Bundesliga,Germany,https://ng.soccerway.com//teams/germany/eintracht-frankfurt/979/
Union Berlin,Bundesliga,Germany,https://ng.soccerway.com//teams/germany/1-fc-union-berlin/1026/
Freiburg,Bundesliga,Germany,https://ng.soccerway.com//teams/germany/sc-freiburg/970/
RB Leipzig,Bundesliga,Germany,https://ng.soccerway.com//teams/germany/rb-leipzig/13410/
Wolfsburg,Bundesliga,Germany,https://ng.soccerway.com//teams/germany/vfl-wolfsburg/968/
Borussia Dortmund,Bundesliga,Germany,https://ng.soccerway.com//teams/germany/bv-borussia-09-dortmund/964/
Borussia M'gla…,Bundesliga,Germany,https://ng.soccerway.com//teams/germany/borussia-monchengladbach/971/
Werder Bremen,Bundesliga,Germany,https://ng.soccerway.com//teams/germany/sv-werder-bremen/960/
FC Cologne,Bundesliga,Germany,https://ng.soccerway.com//teams/germany/1-fc-koln/980/
Mainz,Bundesliga,Germany,https://ng.soccerway.com//teams/germany/1-fsv-mainz-05/977/
Bayer Leverkusen,Bundesliga,Germany,https://ng.soccerway.com//teams/germany/bayer-04-leverkusen/963/
Hoffenheim,Bundesliga,Germany,https://ng.soccerway.com//teams/germany/tsg-1899-hoffenheim-ev/1001/
Bochum,Bundesliga,Germany,https://ng.soccerway.com//teams/germany/vfl-bochum-1848-fussballgemeinschaft-ev/965/
Augsburg,Bundesliga,Germany,https://ng.soccerway.com//teams/germany/fc-augsburg/1000/
Stuttgart,Bundesliga,Germany,https://ng.soccerway.com//teams/germany/vfb-stuttgart-1893-ev/962/
Hertha Berlin,Bundesliga,Germany,https://ng.soccerway.com//teams/germany/hertha-bsc-berlin/974/
Schalke 04,Bundesliga,Germany,https://ng.soccerway.com//teams/germany/fc-schalke-04/966/
Napoli,Serie A,Italy,https://ng.soccerway.com//teams/italy/ssc-napoli/1270/
AC Milan,Serie A,Italy,https://ng.soccerway.com//teams/italy/ac-milan/1240/
Inter Milan,Serie A,Italy,https://ng.soccerway.com//teams/italy/fc-internazionale-milano/1244/
Lazio,Serie A,Italy,https://ng.soccerway.com//teams/italy/ss-lazio-roma/1245/
Atalanta,Serie A,Italy,https://ng.soccerway.com//teams/italy/atalanta-bergamo/1255/
Roma,Serie A,Italy,https://ng.soccerway.com//teams/italy/as-roma/1241/
Torino,Serie A,Italy,https://ng.soccerway.com//teams/italy/torino-fc/1268/
Udinese,Serie A,Italy,https://ng.soccerway.com//teams/italy/udinese-calcio/1246/
Fiorentina,Serie A,Italy,https://ng.soccerway.com//teams/italy/acf-fiorentina/1259/
Juventus,Serie A,Italy,https://ng.soccerway.com//teams/italy/juventus-fc/1242/
Bologna,Serie A,Italy,https://ng.soccerway.com//teams/italy/bologna-fc-1909/1249/
Empoli,Serie A,Italy,https://ng.soccerway.com//teams/italy/empoli-fc/1261/
Monza,Serie A,Italy,https://ng.soccerway.com//teams/italy/ac-monza-brianza-1912/2355/
Lecce,Serie A,Italy,https://ng.soccerway.com//teams/italy/us-lecce/1251/
Spezia,Serie A,Italy,https://ng.soccerway.com//teams/italy/asd-spezia-calcio-2008/1288/
Salernitana,Serie A,Italy,https://ng.soccerway.com//teams/italy/salernitana-calcio-1919/1275/
Sassuolo,Serie A,Italy,https://ng.soccerway.com//teams/italy/us-sassuolo-calcio/5681/
Verona,Serie A,Italy,https://ng.soccerway.com//teams/italy/hellas-verona-fc/1277/
Sampdoria,Serie A,Italy,https://ng.soccerway.com//teams/italy/uc-sampdoria/1247/
Cremonese,Serie A,Italy,https://ng.soccerway.com//teams/italy/us-cremonese/2340/
Barcelona,La Liga,Spain,https://ng.soccerway.com//teams/spain/futbol-club-barcelona/2017/
Real Madrid,La Liga,Spain,https://ng.soccerway.com//teams/spain/real-madrid-club-de-futbol/2016/
Real Sociedad,La Liga,Spain,https://ng.soccerway.com//teams/spain/real-sociedad-de-futbol/2028/
Atletico Madrid,La Liga,Spain,https://ng.soccerway.com//teams/spain/club-atletico-de-madrid/2020/
Villarreal,La Liga,Spain,https://ng.soccerway.com//teams/spain/villarreal-club-de-futbol/2023/
Real Betis,La Liga,Spain,https://ng.soccerway.com//teams/spain/real-betis/2025/
Osasuna,La Liga,Spain,https://ng.soccerway.com//teams/spain/club-atletico-osasuna/2022/
Athletic Bilbao,La Liga,Spain,https://ng.soccerway.com//teams/spain/athletic-club/2019/
Rayo Vallecano,La Liga,Spain,https://ng.soccerway.com//teams/spain/rayo-vallecano/2054/
Mallorca,La Liga,Spain,https://ng.soccerway.com//teams/spain/real-club-deportivo-mallorca/2027/
Girona,La Liga,Spain,https://ng.soccerway.com//teams/spain/girona-fc/2101/
Espanyol,La Liga,Spain,https://ng.soccerway.com//teams/spain/reial-club-deportiu-espanyol/2032/
Valencia,La Liga,Spain,https://ng.soccerway.com//teams/spain/valencia-club-de-futbol/2015/
Almeria,La Liga,Spain,https://ng.soccerway.com//teams/spain/union-deportiva-almeria/2049/
Sevilla,La Liga,Spain,https://ng.soccerway.com//teams/spain/sevilla-futbol-club/2021/
Getafe,La Liga,Spain,https://ng.soccerway.com//teams/spain/getafe-club-de-futbol/2039/
Celta Vigo,La Liga,Spain,https://ng.soccerway.com//teams/spain/real-club-celta-de-vigo/2033/
Real Valladolid,La Liga,Spain,https://ng.soccerway.com//teams/spain/real-valladolid-club-de-futbol/2031/
Cadiz,La Liga,Spain,https://ng.soccerway.com//teams/spain/cadiz-club-de-futbol/2041/
Elche,La Liga,Spain,https://ng.soccerway.com//teams/spain/elche-club-de-futbol/2043/
